source,author,title,description,url,publishedAt,content
Gizmodo.com,Bruce Gil,Dogecoin Has Made It to Wall Street,"The first memecoin ETFs have hit the stock market, legitimizing the once too-online digital currency.",https://gizmodo.com/dogecoin-has-made-it-to-wall-street-2000663698,2025-09-25T15:40:25Z,"Are meme coins a legitimate investment now? Well, Wall Street seems to think so. Last week, REX Financial and Osprey Funds launched the first Dogecoin exchange-traded fund (ETF).
Basically, an ETF i… [+3310 chars]"
Business Insider,Theron Mohamed,The world's 10 richest people lost nearly $70 billion in Friday's market rout,"Elon Musk, Jeff Bezos, and Mark Zuckerberg led the wealth declines on Friday as fresh fears of a trade war hammered stocks.",https://www.businessinsider.com/rich-list-trump-trade-war-musk-bezos-zuck-ai-stocks-2025-10,2025-10-13T10:45:50Z,"Larry Ellison is one of the world's richest men, so he can buy anything he wants, like a media company or two. That's what Elon Musk did with Twitter.Anna Moneymaker; Kevin Dietsch / Getty Images
<u… [+2361 chars]"
Business Insider,jsor@businessinsider.com (Jennifer Sor),These 13 stocks in a small corner of the market should be on investor radars as earnings season nears,"Small- to-mid-cap industrial stocks are heavily discounted and could outperform in the coming earnings season, UBS said.",https://www.businessinsider.com/stocks-what-to-invest-in-small-cap-industrial-investment-ideas-2025-9,2025-09-25T09:15:01Z,"Earnings season is just around the cornerand there's a handful of stocks in one under-the-radar area of the market investors should be keeping their eye on, UBS told clients this week.
The bank high… [+6055 chars]"
MacRumors,Joe Rossignol,Apple's Stock Price Reaches New All-Time High,"Apple's stock price reached a new all-time high today, with shares in the company trading for as much as $263.47 on the intraday market, according to Yahoo Finance.





The company's previous intraday high was $260.10, set on December 26, 2024.



Keep in mi…",https://www.macrumors.com/2025/10/20/apple-stock-new-all-time-high/,2025-10-20T15:12:29Z,"Apple's stock price reached a new all-time high today, with shares in the company trading for as much as $263.47 on the intraday market, according to Yahoo Finance.
The company's previous intraday h… [+860 chars]"
Gizmodo.com,Kyle Torpey,Bitcoin Price Slumps as Wall Street Prepares for Crypto ETF Frenzy,It's been a rough week for crypto.,https://gizmodo.com/bitcoin-price-slumps-as-wall-street-prepares-for-crypto-etf-frenzy-2000673653,2025-10-17T17:40:25Z,"Earlier this month, bitcoin was on top of the world, hitting yet another new all-time high of roughly $125,000. Around the same time, applications for a large number of increasingly speculative crypt… [+4095 chars]"
Kotaku,Kotaku,"Ryzen 7 7800X3D Is Selling for Pennies, AMD Is Clearing Out Stock at an All‑Time Low","It might be the best gaming CPU on the market right now for this price.
The post Ryzen 7 7800X3D Is Selling for Pennies, AMD Is Clearing Out Stock at an All‑Time Low appeared first on Kotaku.",https://kotaku.com/ryzen-7-7800x3d-is-selling-for-pennies-amd-is-clearing-out-stock-at-an-all‑time-low-2000632485,2025-10-07T12:37:49Z,Gaming at high frame rates with maximum detail settings requires a processor that can keep up with modern graphics cards without creating bottlenecks. AMD’s Ryzen 7 7800X3D has earned its reputation … [+3113 chars]
Gizmodo.com,AJ Dellinger,Is the AI Conveyor Belt of Capital About to Stop?,Good thing it's only the entire economy propped up by this right now.,https://gizmodo.com/is-the-ai-conveyor-belt-of-capital-about-to-stop-2000671017,2025-10-13T19:40:03Z,The American economy is little more than a big bet on AI. Morgan Stanley investor Ruchir Sharma recently noted that money poured into AI investments now accounts for about 40% of the United States GD… [+12177 chars]
Yahoo Entertainment,,Should You Buy This Ultra-High Dividend Yield Stock in Preparation For a Market Crash?,,https://consent.yahoo.com/v2/collectConsent?sessionId=1_cc-session_f9a919b7-5677-4a40-aa78-95e9fe03a16a,2025-10-01T00:52:00Z,"If you click 'Accept all', we and our partners, including 238 who are part of the IAB Transparency &amp; Consent Framework, will also store and/or access information on a device (in other words, use … [+714 chars]"
Yahoo Entertainment,Simply Wall St,3 Reliable Dividend Stocks Yielding Up To 9%,"As U.S. stock indexes continue to rise despite the ongoing government shutdown, investors are keenly observing how these developments might influence market ...",https://finance.yahoo.com/news/3-reliable-dividend-stocks-yielding-173154112.html,2025-10-06T17:31:54Z,"As U.S. stock indexes continue to rise despite the ongoing government shutdown, investors are keenly observing how these developments might influence market dynamics and decision-making by the Federa… [+4794 chars]"
Yahoo Entertainment,Petr Huřťák,1 High-Flying Stock to Own for Decades and 2 We Turn Down,"Expensive stocks often command premium valuations because the market thinks their business models are exceptional. However, the downside is that high...",https://finance.yahoo.com/news/1-high-flying-stock-own-043836187.html,2025-09-26T04:38:36Z,"Expensive stocks often command premium valuations because the market thinks their business models are exceptional. However, the downside is that high expectations are already baked into their prices,… [+2678 chars]"
Yahoo Entertainment,Jabin Bastian,1 Large-Cap Stock to Consider Right Now and 2 Facing Challenges,Large-cap stocks usually command their industries because they have the scale to drive market trends. The flip side though is that their sheer size can limit...,https://finance.yahoo.com/news/1-large-cap-stock-consider-044736999.html,2025-10-20T04:47:36Z,Large-cap stocks usually command their industries because they have the scale to drive market trends. The flip side though is that their sheer size can limit growth as expanding further becomes an in… [+2725 chars]
Yahoo Entertainment,Marco Quiroz-Gutierrez,Billionaire PC tycoon Michael Dell is riding the AI gold rush—and he says the party’s far from over even if eventually ‘there’ll be too many’ data centers,Dell Technologies’ stock is up 39% year to date.,https://finance.yahoo.com/news/billionaire-pc-tycoon-michael-dell-190837156.html,2025-10-08T19:08:37Z,"Michael Dell, who revolutionized the personal computer industry with Dell Technologies in the late 90s and is now the 10th richest person in the world, offered his take on the AI wave his company is … [+2323 chars]"
3quarksdaily.com,John Allen Paulos,The Paradoxical Efficient Market Hypothesis (2024),"by John Allen Paulos Louis Bachelier Election season has put an increased focus on the stock market, but little attention is ever paid to the Efficient Market Hypothesis (the EMH, for short). As I’ve written in A Mathematician Plays the Stock Market, it is a …",https://3quarksdaily.com/3quarksdaily/2024/09/the-paradoxical-efficient-market-hypothesis.html,2025-10-08T02:11:39Z,"by John Allen Paulos
Louis Bachelier
Election season has put an increased focus on the stock market, but little attention is ever paid to the Efficient Market Hypothesis (the EMH, for short). As Iv… [+7443 chars]"
Barchart.com,Rob Isbitts,Nvidia Stock at 8% of the S&P 500 Index Is a Big Problem for Investors. Let’s Do the Math.,One single stock essentially dictates our financial lives these days.,https://www.barchart.com/story/news/35587356/nvidia-stock-at-8-of-the-s-p-500-index-is-a-big-problem-for-investors-lets-do-the-math,2025-10-21T14:42:22Z,"Remember when energy stocks dominated the S&amp;P 500 Index ($SPX), and one company, Exxon Mobil (XOM), was the single largest weighted component?
Admittedly, although I was managing money at the ti… [+3457 chars]"
Business Insider,sobrient@insider.com (Samuel O'Brient),"IBM just helped HSBC pull off the world's first quantum-powered trades, and its stock is jumping",HSBC said it used IBM's quantum tech in bond trading. IBM stock popped on the news as investors cheered real-world use for quantum computing.,https://www.businessinsider.com/ibm-stock-price-quantum-computing-hsbc-bond-trading-markets-2025-9,2025-09-25T15:07:49Z,"The move: IBM stock jumped as much as 5% on Thursday, extending a week of solid gains. 
Shares of the tech company have risen steadily in 2025, and are up 22% year-to-date. 
Why: On Thursday, HSBC … [+1960 chars]"
Yahoo Entertainment,Radek Strnad,"DraftKings (DKNG) Stock Trades Down, Here Is Why",Shares of fantasy sports and betting company DraftKings (NASDAQ:DKNG) fell 11.2% in the afternoon session after reports of rising competition from prediction...,https://finance.yahoo.com/news/draftkings-dkng-stock-trades-down-185056598.html,2025-09-30T18:50:56Z,Shares of fantasy sports and betting company DraftKings (NASDAQ:DKNG) fell 11.2% in the afternoon session after reports of rising competition from prediction platforms Kalshi and Robinhood sparked in… [+2423 chars]
Yahoo Entertainment,Simply Wall St,3 Promising Penny Stocks With Market Caps Under $900M,"As the U.S. markets close higher after a volatile week, investors are keenly observing opportunities that might arise amidst fluctuating conditions and...",https://finance.yahoo.com/news/3-promising-penny-stocks-market-120516316.html,2025-10-20T12:05:16Z,"As the U.S. markets close higher after a volatile week, investors are keenly observing opportunities that might arise amidst fluctuating conditions and economic uncertainties. Penny stocks, often see… [+5683 chars]"
Business Insider,Alice Tecotzky,Elon Musk becomes the world's first $500 billion man,Elon Musk's wealth briefly touched the half-a-trillion-dollar mark on Wednesday thanks in part to Tesla's rising stock price.,https://www.businessinsider.com/elon-musk-worlds-first-500-billion-man-2025-10,2025-10-02T14:36:11Z,"Tesla CEO Elon Musk laughingKirsty Wigglesworth/Pool via REUTERS
<ul><li>Elon Musk has become the first person worth $500 billion.</li><li>Musk's net worth is closely tied to Tesla stock, which is u… [+1798 chars]"
Gizmodo.com,Ece Yildirim,"AI Won’t Replace Jobs, but Tech Bros Want You to Be Afraid It Will","He also thinks the AI bubble burst is going to make 2008 feel like ""a golden age.""",https://gizmodo.com/ai-wont-replace-jobs-tech-bros-want-you-terrified-2000670808,2025-10-15T14:20:54Z,"AI is overrated, according to author Cory Doctorow.
“I don’t think AI can do your job,” Doctorow said, but despite that, bosses across industries are “insatiably horny” about the idea that AI will r… [+7077 chars]"
Business Insider,Lara O'Reilly,Salesforce challenger Zeta Global is making its biggest-ever acquisition as it looks to corner the loyalty market,"Zeta, which helps marketers attract and retain customers, is doubling down on a strategy to get its clients to use more than one of its services.",https://www.businessinsider.com/martech-company-zeta-global-acquire-marigold-enterprise-business-2025-9,2025-09-30T20:06:01Z,"David Steinberg's Zeta Global is making its 17th acquisition.Zeta Global
<ul><li>Marketing tech company Zeta Global is making its biggest-ever acquisition.</li><li>It's acquiring the enterprise soft… [+3717 chars]"
Yahoo Entertainment,Rian Howlett,"Stock market today: Dow sinks 500 points, S&P 500, Nasdaq plummet as Trump threatens 'massive increase' on China tariffs","Markets have had an uncertain week, pulled in different directions by AI demand hopes and US government shutdown worries.",https://finance.yahoo.com/news/live/stock-market-today-dow-sinks-500-points-sp-500-nasdaq-plummet-as-trump-threatens-massive-increase-on-china-tariffs-164432249.html,2025-10-10T16:44:32Z,"US stocks turned lower Friday as President Trump and China traded blows on tariffs, with Trump threatening a ""massive increase"" in tariffs on Chinese goods.
The Dow Jones Industrial Average (^DJI) l… [+8494 chars]"
Yahoo Entertainment,Petr Huřťák,"Super Micro (SMCI) Stock Trades Up, Here Is Why",Shares of server solutions provider Super Micro (NASDAQ:SMCI) jumped 3% in the afternoon session after the company unveiled a new lineup of AI-optimized...,https://finance.yahoo.com/news/super-micro-smci-stock-trades-204708134.html,2025-09-22T20:47:08Z,Shares of server solutions provider Super Micro (NASDAQ:SMCI) jumped 3% in the afternoon session after the company unveiled a new lineup of AI-optimized computing systems at its INNOVATE! event in Ma… [+2917 chars]
Business Insider,Andrea Wasserman,"I rejected and approved hundreds of raises at Nordstrom, Verizon, and Yahoo. Here's my advice for getting a raise in the current market.",Andrea Wasserman says her best advice for securing a raise at your job in this market is to make yourself indispensable.,https://www.businessinsider.com/how-to-get-raise-current-job-market-executive-coach-2025-10,2025-10-17T09:05:01Z,"Andrea Wasserman.Courtesy of Andrea Wasserman
<ul><li>Executive coach Andrea Wasserman says it's difficult but not impossible to secure a raise right now.</li><li>Companies have less urgency to incr… [+5939 chars]"
ABC News,"Mary Bruce, Karen Travers, Michelle Stoddart, Max Zahn","Trump threatens 'massive' tariffs on China, triggering stock market sell-off",China imposed limits on rare earth minerals a day earlier.,https://abcnews.go.com/Politics/trump-threatens-massive-tariffs-china-triggering-stock-market/story?id=126405187,2025-10-10T16:50:42Z,"President Donald Trump on Friday voiced frustration with what he called China's ""trade hostility,"" threatening to respond with large tariffs on China and to cancel his upcoming meeting with Chinese P… [+1435 chars]"
Yahoo Entertainment,Radek Strnad,"AMD (AMD) Stock Is Up, What You Need To Know",Shares of computer processor maker AMD (NASDAQ:AMD) jumped 3.6% in the afternoon session after the company announced an expanded artificial intelligence (AI)...,https://finance.yahoo.com/news/amd-amd-stock-know-172042259.html,2025-10-02T17:20:42Z,Shares of computer processor maker AMD (NASDAQ:AMD) jumped 3.6% in the afternoon session after the company announced an expanded artificial intelligence (AI) partnership and reports surfaced of a pot… [+2545 chars]
Yahoo Entertainment,Jabin Bastian,Why Lattice Semiconductor (LSCC) Stock Is Trading Up Today,Shares of semiconductor designer Lattice Semiconductor (NASDAQ:LSCC) jumped 3.3% in the morning session after a major AI-focused partnership in the chip...,https://finance.yahoo.com/news/why-lattice-semiconductor-lscc-stock-155601633.html,2025-10-06T15:56:01Z,Shares of semiconductor designer Lattice Semiconductor (NASDAQ:LSCC) jumped 3.3% in the morning session after a major AI-focused partnership in the chip sector boosted sentiment for stocks with expos… [+2598 chars]
The Verge,Emma Roth,$55 billion EA buyout hands Madden over to investors including Saudi Arabia and Jared Kushner,"Electronic Arts has announced it is being acquired and taken private in a $55 billion deal involving Silver Lake, Saudi Arabia’s Public Investment Fund, and Affinity Partners, which is founded and led by Donald Trump’s son-in-law, Jared Kushner. The deal is e…",https://www.theverge.com/news/787112/electronic-arts-55-billion-privacte-acquisition-pif-silver-lake-affinity-partners,2025-09-29T12:51:27Z,"<ul><li></li><li></li><li></li></ul>
Silver Lake, PIF, and Affinity Partners will take the gaming giant private.
Silver Lake, PIF, and Affinity Partners will take the gaming giant private.
by
Emm… [+3083 chars]"
Yahoo Entertainment,Simply Wall St,High Growth Tech Stocks with Promising Global Potential,"Amidst a backdrop of record highs in major U.S. stock indexes and a rally in small-cap stocks following the Federal Reserve's interest rate cut, global...",https://finance.yahoo.com/news/high-growth-tech-stocks-promising-093818624.html,2025-09-23T09:38:18Z,"Amidst a backdrop of record highs in major U.S. stock indexes and a rally in small-cap stocks following the Federal Reserve's interest rate cut, global markets are navigating through significant econ… [+6132 chars]"
Business Insider,Kwan Wei Kevin Tan,Mark Cuban is advocating for companies to share the wealth with employees,"""Compassion and capitalism, not greed, are what can make this country far greater,"" Cuban wrote on X.",https://www.businessinsider.com/mark-cuban-companies-share-wealth-employees-2025-10,2025-10-13T04:54:26Z,"""Compassion and capitalism, not greed, are what can make this country far greater,"" Mark Cuban wrote on X on Sunday.Julia Beverly/WireImage via Getty Images
<ul><li>Mark Cuban says that companies sh… [+3469 chars]"
The New Yorker,John Cassidy,The A.I. Boom and the Spectre of 1929,"As some financial leaders fret publicly about the stock market falling to earth, Andrew Ross Sorkin’s new book recounts the greatest crash of them all.",https://www.newyorker.com/news/the-financial-page/the-ai-boom-and-the-spectre-of-1929,2025-10-13T19:08:24Z,"No two speculative booms are exactly alike, of course, but they share some common elements. Typically, there is great excitement among investors about new technologyin todays case, A.I.and its potent… [+6613 chars]"
Business Insider,Melia Russell,Inside the battle in legal tech to 'OpenAI-proof' its business,OpenAI's own use of AI put the SaaS market on notice. Legal tech companies are confident they're safe — for now.,https://www.businessinsider.com/legal-tech-saas-openai-competition-crosby-evenup-spellbook-eve-2025-10,2025-10-09T18:10:01Z,"Sam AltmanFlorian Gaertner/Photothek via Getty Images
<ul><li>Funding for legal tech is off to a $320 million start this month.</li><li>The money is gushing in, even as key questions remain.</li><li… [+4641 chars]"
Yahoo Entertainment,Simply Wall St,Asian Dividend Stocks To Enhance Your Portfolio,"As global markets navigate a complex landscape marked by economic uncertainties and geopolitical tensions, the Asian stock markets have shown resilience...",https://finance.yahoo.com/news/asian-dividend-stocks-enhance-portfolio-223905812.html,2025-10-05T22:39:05Z,"As global markets navigate a complex landscape marked by economic uncertainties and geopolitical tensions, the Asian stock markets have shown resilience, with indices in China and Japan reflecting mi… [+5544 chars]"
TheStreet,Moz Farooque,Jamie Dimon has blunt call on the stock market,"So far in 2025, the U.S. stock market has marched forward with considerable aplomb. Case in point: after racking up multiple highs, the S&P 500 is up nearly ...",https://www.thestreet.com/investing/jamie-dimon-has-blunt-call-on-the-stock-market-,2025-10-08T18:56:38Z,"So far in 2025, the U.S. stock market has marched forward with considerable aplomb.
Case in point: after racking up multiple highs, the S&amp;P 500 is up nearly 17% year-to-date, and multiple sector… [+4594 chars]"
Yahoo Entertainment,Ramzan Karmali,Market Movers: The rise of China's AI,Chinese tech stocks like Alibaba (BABA) and Tencent (0700.HK) have been on the up as optimism about developments they're making in Artificial Intelligence...,https://finance.yahoo.com/video/market-movers-rise-chinas-ai-122822192.html,2025-09-30T12:28:22Z,"Can China threaten the US dominance in AI? Well, the Shanghai composite, China's mainland benchmark rose 3% in September alone. It's longest monthly rally since 2017. Why? Well, Asian tech stocks hav… [+6529 chars]"
Yahoo Entertainment,Zacks Equity Research,Why This 1 Value Stock Could Be a Great Addition to Your Portfolio,The Zacks Style Scores offers investors a way to easily find top-rated stocks based on their investing style. Here's why you should take advantage.,https://finance.yahoo.com/news/why-1-value-stock-could-134004930.html,2025-09-30T13:40:04Z,"Taking full advantage of the stock market and investing with confidence are common goals for new and old investors alike.
While you may have an investing style you rely on, finding great stocks is m… [+2094 chars]"
Harvard Business Review,"Jenny Fernandez, Kathryn Landis",How to Lead When the Conditions for Success Suddenly Disappear,"Broaden coalitions, build resiliency, and reset expectations.",https://hbr.org/2025/10/how-to-lead-when-the-conditions-for-success-suddenly-disappear,2025-10-13T12:05:36Z,"In todays workplace, uncertainty has become the norm. Economic headwinds and a volatile stock market have been prompting companies to slash or reallocate budgets mid-course. Generative AI and other f… [+343 chars]"
Slashdot.org,EditorDavid,'Circular' AI Mega-Deals by AI and Hardware Giants are Raising Eyebrows,"""Nvidia is investing billions in and selling chips to OpenAI, which is also buying chips from and earning stock in AMD,"" writes SFGate. ""AMD sells processors to Oracle, which is building data centers with OpenAI — which also gets data center work from CoreWea…",https://slashdot.org/story/25/10/11/1819237/circular-ai-mega-deals-by-ai-and-hardware-giants-are-raising-eyebrows,2025-10-11T18:34:00Z,"""Nvidia is investing billions in and selling chips to OpenAI, which is also buying chips from and earning stock in AMD,"" writes SFGate. ""AMD sells processors to Oracle, which is building data centers… [+1630 chars]"
Business Insider,Theron Mohamed,Top strategist Paul Dietrich shares 2 picks to ride out an AI crash,"Wedbush's Paul Dietrich said the AI boom reminds him of the dot-com and housing bubbles, and he's bullish on gold and utilities.",https://www.businessinsider.com/wedbush-dietrich-ai-boom-stock-market-bubble-recession-gold-utilities-2025-10,2025-10-09T09:00:01Z,"Wedbush's Paul Dietrich is worried about the stock market and economy.Osmancan Gurdogan/Anadolu via Getty Images
<ul><li>Paul Dietrich shared two alternative investments to AI, saying the tech boom … [+3628 chars]"
Yahoo Entertainment,Nauman khan,PLTR: Palantir Breaks $1 Billion Revenue Milestone--Is This Just the Beginning?,Defense And AI Deals Power Palantir Stock To Record-Breaking Quarter,https://finance.yahoo.com/news/pltr-palantir-breaks-1-billion-183512308.html,2025-10-03T18:35:12Z,"This article first appeared on GuruFocus.
Oct 3 - Palantir Technologies (NASDAQ:PLTR) is turning heads again, not just because of the AI hype cycle, but because the company is stacking real wins tha… [+1539 chars]"
Yahoo Entertainment,Anthony Lee,2 Safe-and-Steady Stocks to Consider Right Now and 1 We Brush Off,"A stock with low volatility can be reassuring, but it doesn’t always mean strong long-term performance. Investors who prioritize stability may miss out on...",https://finance.yahoo.com/news/2-safe-steady-stocks-consider-043322597.html,2025-10-16T04:33:22Z,"A stock with low volatility can be reassuring, but it doesnt always mean strong long-term performance. Investors who prioritize stability may miss out on higher-reward opportunities elsewhere.
Lucki… [+2601 chars]"
Barchart.com,Wajeeh Khan,Plug Power Just Reported Record Output. Should You Buy PLUG Stock Here?,Plug Power shares briefly rallied after the hydrogen fuel cell specialist reported record production at its Georgia facility. But PLUG stock may still be a...,https://www.barchart.com/story/news/34988069/plug-power-just-reported-record-output-should-you-buy-plug-stock-here,2025-09-23T18:54:38Z,"Plug Power (PLUG) shares pushed notably to the upside today after the clean energy firm said its Georgia green hydrogen facility reached record production of 324 metric tons in August 2025.
The hydr… [+2169 chars]"
Business Insider,Lee Chong Ming,Satya Nadella is netting a record $96.5 million pay package as Microsoft's AI bets paid off,Microsoft CEO Satya Nadella's pay soared to a record $96.5 million as the company's revenue hit $281 billion this year.,https://www.businessinsider.com/satya-nadella-96-million-pay-salary-microsoft-ai-filing-2025-10,2025-10-22T04:49:44Z,"Satya Nadella's record $96.5 million payday shows how Microsoft's AI boom is rewarding its top leader.JASON REDMOND/AFP via Getty Images
<ul><li>Satya Nadella's pay package rose to a record $96.5 mi… [+2519 chars]"
Yahoo Entertainment,Adam Hejl,1 Stock Under $50 Worth Investigating and 2 We Question,The $10-50 price range often includes mid-sized businesses with proven track records and plenty of growth runway ahead. They also usually carry less risk...,https://finance.yahoo.com/news/1-stock-under-50-worth-043128393.html,2025-10-20T04:31:28Z,"The $10-50 price range often includes mid-sized businesses with proven track records and plenty of growth runway ahead. They also usually carry less risk than penny stocks, though theyre not immune t… [+2448 chars]"
Barchart.com,Jim Van Meerten,"This Quantum Computing Stock Is Up 4,024% in a Year. What Comes Next?","Rigetti Computing (RGTI) stands out for its quantum-classical computing infrastructure and has surged 4,024% over the past year. RGTI is trading above key...",https://www.barchart.com/story/news/35009546/this-quantum-computing-stock-is-up-4-024-in-a-year-what-comes-next,2025-09-24T14:50:03Z,"<ul><li>Rigetti Computing (RGTI) stands out for its quantum-classical computing infrastructure and has surged 4,024% over the past year.
</li><li>RGTI is trading above key moving averages and has a … [+4557 chars]"
Yahoo Entertainment,Simply Wall St,Rocket Lab Shares Soar 591% as Investors Weigh Valuation After NASA Contract Win,"If you’re looking at Rocket Lab’s stock chart this year, you’re probably double-checking your math right now. After all, a 591.1% gain over the last 12...",https://finance.yahoo.com/news/rocket-lab-shares-soar-591-050355002.html,2025-10-09T05:03:55Z,"If youre looking at Rocket Labs stock chart this year, youre probably double-checking your math right now. After all, a 591.1% gain over the last 12 months and a staggering 1,532.8% jump over three y… [+6990 chars]"
Yahoo Entertainment,Syeda Seirut Javed,Jim Cramer on Apollo Global: “This is the Toughest One for Me to Swallow”,"Apollo Global Management, Inc. (NYSE:APO) is one of the stocks Jim Cramer was recently focused on. Cramer noted that the stock has been hit “much harder than...",https://finance.yahoo.com/news/jim-cramer-apollo-global-toughest-100340902.html,2025-10-03T10:03:40Z,"Apollo Global Management, Inc. (NYSE:APO) is one of the stocks Jim Cramer was recently focused on. Cramer noted that the stock has been hit much harder than the others, as he remarked:
Finally, ther… [+1174 chars]"
BBC News,,"UK will be second-fastest-growing G7 economy, IMF predicts",The International Monetary Fund (IMF) has upgraded the rate at which the UK economy will grow this year.,https://www.bbc.com/news/articles/cn092p27xn0o,2025-10-14T13:00:40Z,"Faisal IslamBBC Economics Editor
Chancellor Rachel Reeves said, despite the IMF's upgrade to UK economic growth, ""for too many people, our economy feels stuck""
The UK is forecast to be the second-f… [+4476 chars]"
Kotaku,Mike Fazioli,"Amazon Slashes AMD Ryzen 7 Mini Gaming PC to Lowest Price, Likely Clearing Stock Before Prime Big Deal Days","The BOSGAME P3 brings impressive gaming power to the work-centric mini PC craze, and you can save $150 if you act now.
The post Amazon Slashes AMD Ryzen 7 Mini Gaming PC to Lowest Price, Likely Clearing Stock Before Prime Big Deal Days appeared first on Kotak…",https://kotaku.com/amazon-slashes-amd-ryzen-7-mini-gaming-pc-to-lowest-price-likely-clearing-stock-before-prime-big-deal-days-2000629670,2025-09-29T15:10:25Z,"When we look back on 2025, we might remember it as the Year of the Mini PC. These mighty mites broke out in a huge way this year, with powerful and fast new models flooding the market and putting to … [+2497 chars]"
Business Insider,Daniel Geiger,A $5 billion deal key to CoreWeave's AI empire just lost another investor's support,CoreWeave's deal to acquire a data center partner is in jeopardy after shareholders oppose the transaction.,https://www.businessinsider.com/core-scientific-shareholder-oppose-coreweave-takeover-bid-2025-10,2025-10-17T21:44:09Z,"Michael Intrator, CoreWeave's CEOTom Williams/CQ-Roll Call, Inc via Getty Images
<ul><li>CoreWeave's rapid growth has thrust it into the center of a growing debate about an AI bubble.</li><li>In Jul… [+7588 chars]"
Yahoo Entertainment,Rian Howlett,"Stock market today: Dow sinks 800 points, S&P 500 and Nasdaq see worst day since April as Trump's renewed tariff threats spook Wall Street",Markets tumble to end the week as President Trump renewed tariff threats on China.,https://finance.yahoo.com/news/live/stock-market-today-dow-sinks-800-points-sp-500-and-nasdaq-see-worst-day-since-april-as-trumps-renewed-tariff-threats-spook-wall-street-200026352.html,2025-10-10T20:00:26Z,"US stocks closed sharply lower on Friday as President Trump and China traded blows on tariffs, with Trump threatening a ""massive increase"" in duties on Chinese goods.
The Dow Jones Industrial Averag… [+11161 chars]"
Yahoo Entertainment,Radek Strnad,WD-40 (WDFC) Reports Q3: Everything You Need To Know Ahead Of Earnings,Household products company WD-40 (NASDAQ:WDFC) will be reporting results this Wednesday after market hours. Here’s what investors should know.,https://finance.yahoo.com/news/wd-40-wdfc-reports-q3-030612703.html,2025-10-21T03:06:12Z,"Household products company WD-40 (NASDAQ:WDFC) will be reporting results this Wednesday after market hours. Heres what investors should know.
WD-40 missed analysts revenue expectations by 2.3% last … [+2214 chars]"
Kotaku,Joe Tilleli,This Marshall Portable Bluetooth Speaker Drops Even Lower Than Its Prime Day Price as Amazon Quietly Clears Out Stock,"Nearly 50% off on the Marshall Emberton II portable Bluetooth speaker in black and brass.
The post This Marshall Portable Bluetooth Speaker Drops Even Lower Than Its Prime Day Price as Amazon Quietly Clears Out Stock appeared first on Kotaku.",https://kotaku.com/this-marshall-portable-bluetooth-speaker-drops-even-lower-than-its-prime-day-price-as-amazon-quietly-clears-out-stock-2000634630,2025-10-14T14:10:36Z,"Amazon’s Prime Big Deals Days has come and gone. This was the online retail giant’s two-day sales event where you’re able to save big on TVs, tablets, coffee makers, and pretty much anything else. Th… [+2194 chars]"
Business Insider,Aditi Bharade,An early Pop Mart investor said Chinese brands that want to make it big need to set their eyes on one market early on,David He from Black Ant Capital said Chinese companies should set their eyes on the US early on.,https://www.businessinsider.com/pop-mart-investor-chinese-brands-us-market-early-2025-10,2025-10-09T04:41:42Z,"An early Pop Mart investor said there is one market Chinese brands need to gun for early on.Costfoto/NurPhoto via Getty Images
<ul><li>A Pop Mart investor said Chinese companies that want to succeed… [+2270 chars]"
Kotaku,Kotaku Deals,"Amazon Clears Out Govee Smart Lamp Stock, Now Selling for Less Than a Basic Floor Lamp","A smart lamp completely transforms the atmosphere.
The post Amazon Clears Out Govee Smart Lamp Stock, Now Selling for Less Than a Basic Floor Lamp appeared first on Kotaku.",https://kotaku.com/amazon-clears-out-govee-smart-lamp-stock-now-selling-for-less-than-a-basic-floor-lamp-2000632160,2025-10-07T00:35:59Z,Your living room deserves smart lighting that doesn’t drain your wallet. Smart floor lamps have become incredibly popular for transforming spaces with dynamic colors and voice control but the price t… [+3004 chars]
Slashdot.org,EditorDavid,Three-Wheeled Solar Car Maker Aptera is About to Go Public,"Last November Aptera successfully tested its first production-intent three-wheel solar-powered EV — and said it already had over 50,000 reservations. The vehicles had a solar charge range of 40 miles per day, reported Digital Trends, noting the crowdfunded co…",https://tech.slashdot.org/story/25/10/12/0237231/three-wheeled-solar-car-maker-aptera-is-about-to-go-public,2025-10-12T16:34:00Z,"Last November Aptera successfully tested its first production-intent three-wheel solar-powered EV — and said it already had over 50,000 reservations. The vehicles had a solar charge range of 40 miles… [+1848 chars]"
Yahoo Entertainment,Nauman khan,NVDA: This Analyst Sees Massive 80% Upside For Nvidia Stock -- Here's Why,HSBC Predicts Nvidia's Market Cap Could Double To $8 Trillion,https://finance.yahoo.com/news/nvda-analyst-sees-massive-80-183637187.html,2025-10-16T18:36:37Z,"This article first appeared on GuruFocus.
Oct 16 - Nvidia (NASDAQ:NVDA) gained fresh bullish momentum after HSBC raised its rating on the chipmaker to buy from hold, pointing to sustained demand for… [+1078 chars]"
Yahoo Entertainment,Anthony Richardson,The Weekend: IMF warns of global debt emergency as Reeves grapples with slowing jobs market,"Key moments from the last seven days, plus a glimpse at the week ahead.",https://uk.finance.yahoo.com/news/imf-global-debt-reeves-jobs-economy-weekend-budget-125851835.html,2025-10-18T12:58:51Z,There was a stark warning from the IMF this week as it predicted government debt across the world would hit the highest level since the aftermath of World War Two by the end of the decade. According … [+6551 chars]
Gizmodo.com,Lucas Ropek,Is the Founder of Polymarket Really the Youngest Self-Made Billionaire?,Shayne Coplan is having a good year.,https://gizmodo.com/is-the-founder-of-polymarket-really-the-youngest-self-made-billionaire-2000669910,2025-10-08T21:10:38Z,"Polymarket, the popular prediction market, has been doing really well lately. In fact, it’s been doing so well that Bloomberg is out with a new story that claims the site’s founder, Shayne Coplan, is… [+4592 chars]"
Kotaku,Kotaku Deals,"Sony’s 1000XM4 Is Now 3 Times Cheaper Than the AirPods Max, Amazon Is Clearing Out Stock for Prime Day","There’s no reason to pay over twice this price for the 1000XM6 either.
The post Sony’s 1000XM4 Is Now 3 Times Cheaper Than the AirPods Max, Amazon Is Clearing Out Stock for Prime Day appeared first on Kotaku.",https://kotaku.com/sonys-1000xm4-is-now-3-times-cheaper-than-the-airpods-max-amazon-is-clearing-out-stock-for-prime-day-2000631836,2025-10-05T22:45:58Z,"The high-end noise-canceling headphone market is more crowded than, say, Times Square during New Year’s Eve celebrations. Apple, Bose, Sonos, Sennheiser, and Sony are all fighting for your attention,… [+3013 chars]"
Yahoo Entertainment,Simply Wall St,How Recent Changes Are Shaping the Starbucks Investment Story,"Starbucks stock has recently seen its Fair Value Estimate revised downward, moving modestly from $99.38 to $97.63 per share. This adjustment comes as...",https://finance.yahoo.com/news/recent-changes-shaping-starbucks-investment-050454994.html,2025-10-09T05:04:54Z,"Starbucks stock has recently seen its Fair Value Estimate revised downward, moving modestly from $99.38 to $97.63 per share. This adjustment comes as analysts weigh optimism around operational improv… [+5938 chars]"
Kotaku,Kotaku Deals,Bose Is Quietly Selling Its QC Headphones at a New Record Low After Prime Day to Clear Out Stock,"At this price, Bose could empty every warehouse of its iconic ANC headphones.
The post Bose Is Quietly Selling Its QC Headphones at a New Record Low After Prime Day to Clear Out Stock appeared first on Kotaku.",https://kotaku.com/bose-is-quietly-selling-its-qc-headphones-at-a-new-record-low-after-prime-day-to-clear-out-stock-2000634117,2025-10-10T22:35:00Z,"Amazon’s October answer to the summer Prime Day event (Prime Big Deal Day) just wrapped up but some of the best deals are still hanging around. The Bose QuietComfort headphones are a perfect example,… [+3351 chars]"
Barchart.com,Jabran Kundi,"Dear Intel Stock Fans, Mark Your Calendars for October 23","The upcoming earnings could bring a positive surprise, but everyone has their eyes on the company's product roadmap.",https://www.barchart.com/story/news/35588511/dear-intel-stock-fans-mark-your-calendars-for-october-23,2025-10-21T15:43:43Z,"Intel (INTC) is expected to announce its Q3 earnings report later this week, and unlike the last few times, there is visibly more optimism among investors. It is not difficult to figure out why. The … [+5348 chars]"
Business Insider,Theron Mohamed,"People are chasing AI stocks like 'dogs chase cars' — and a crash looks certain, veteran investor Bill Smead says","Bill Smead said ""momentum"" is fueling the AI boom, the tech's potential is already priced in, and it's almost a replay of the dot-com bubble.",https://www.businessinsider.com/ai-stocks-bubble-crash-smead-market-outlook-nvidia-openai-tech-2025-9,2025-09-30T14:29:23Z,"Bill SmeadChristopher Goodney/Bloomberg via Getty Images
<ul><li>The AI boom is being fueled by ""momentum"" as investors chase huge stock gains, Bill Smead said.</li><li>The value investor said surgi… [+3090 chars]"
Yahoo Entertainment,Simply Wall St,Polestar (NasdaqGM:PSNY): Assessing Valuation as Shares Continue Recent Slide,"Polestar Automotive Holding UK (NasdaqGM:PSNY) shares dipped 3% in the past day, continuing a challenging trend for the EV maker. Over the past month, the...",https://finance.yahoo.com/news/polestar-nasdaqgm-psny-assessing-valuation-070820516.html,2025-10-20T07:08:20Z,"Polestar Automotive Holding UK (NasdaqGM:PSNY) shares dipped 3% in the past day, continuing a challenging trend for the EV maker. Over the past month, the stock has dropped 10%. This reflects ongoing… [+3881 chars]"
Yahoo Entertainment,Anirudha Bhagat,NVDA vs. AMD: Which AI Hardware Stock Has Better Investment Potential?,"NVIDIA's dominance in AI chips, booming data center sales and expanding partnerships give it an edge over AMD in the race for AI hardware leadership.",https://finance.yahoo.com/news/nvda-vs-amd-ai-hardware-123500021.html,2025-10-15T12:35:00Z,"NVIDIA Corporation NVDA and Advanced Micro Devices, Inc. AMD sit at the center of the artificial intelligence (AI) hardware revolution. Both are crucial players in the semiconductor space, competing … [+5531 chars]"
Yahoo Entertainment,Reuters,India's stock benchmarks set to open flat after 7-session losing run,"Both the Nifty and the BSE Sensex have lost about 3.1% in the last seven sessions, their longest losing streak in nearly seven months.  ""Persistent foreign...",https://sg.finance.yahoo.com/news/indias-stock-benchmarks-set-open-021844170.html,2025-09-30T02:18:44Z,"(Reuters) -India's equity benchmarks are poised to open little changed on Tuesday after falling for seven straight sessions, hurt by steep U.S. tariffs and a hike in the H-1B visa fee, while caution … [+2060 chars]"
Barchart.com,Sristi Suman Jayaswal,"Plug Power Just Named a New CEO. Should You Buy, Sell, or Hold PLUG Stock Here?",Plug Power is back in the spotlight with fresh leadership news.,https://www.barchart.com/story/news/35463129/plug-power-just-named-a-new-ceo-should-you-buy-sell-or-hold-plug-stock-here,2025-10-15T13:00:02Z,"Hydrogen might not make daily headlines, but its quietly powering the clean energy revolution. From fueling futuristic vehicles to driving heavy industry, global demand hit 97 million metric tons in … [+5956 chars]"
Yahoo Entertainment,Simply Wall St,Is Applied Materials’ Surge Justified After US Chip Investment News in 2025?,"If you are weighing your next move on Applied Materials, you are not alone. The stock has been on quite a ride lately, climbing an impressive 17.3% in just...",https://finance.yahoo.com/news/applied-materials-surge-justified-us-110636082.html,2025-09-23T11:06:36Z,"If you are weighing your next move on Applied Materials, you are not alone. The stock has been on quite a ride lately, climbing an impressive 17.3% in just the past week and soaring 23.4% over the la… [+6820 chars]"
Yahoo Entertainment,Mediaite,CNBC Star 'Anxious' Wall Street Is 'Reliving' 1929 Crash,CNBC star Andrew Ross Sorkin said he is anxious Wall Street is racing towards a stock market crash like the one that rocked investors in 1929.,https://www.yahoo.com/news/videos/cnbc-star-anxious-wall-street-004026325.html,2025-10-13T00:40:26Z,CNBC star Andrew Ross Sorkin said he is anxious Wall Street is racing towards a stock market crash like the one that rocked investors in 1929.
Yahoo Entertainment,Yahoo Finance Video,"SAP probe, Jabil falls, Birkenstock outlook: Trending Tickers","Market Catalysts host Julie Hyman tracks several of the day's top trending stock tickers, including the European Union's (EU) antitrust probe into SAP (SAP),...",https://finance.yahoo.com/video/sap-probe-jabil-falls-birkenstock-144823059.html,2025-09-25T14:48:23Z,"Now time for some of today's trending tickers. We are watching SAP, Jable and Birkenstock. First up, SAP. The European Commission launched an anti-trust probe into the German software giant, citing c… [+1385 chars]"
Business Insider,Bradley Saacks,"Hedge fund September returns: Here's how Citadel, Balyasny, and ExodusPoint have performed so far this year",Big-name funds were mostly unable to keep up with the S&P 500's gains in September.,https://www.businessinsider.com/september-hedge-funds-performance-citadel-balyasny-2025-10,2025-10-01T18:25:55Z,"Citadel's Ken GriffinMichael M. Santiago/Getty Images
<ul><li>Multistrategy hedge funds were mostly positive in September.</li><li>Managers like Citadel, Balyasny, and ExodusPoint added to their gai… [+2110 chars]"
Kotaku,Kotaku Deals,"Roborock Saros 10R $1,600 Robot Vacuum Is Now Selling for Peanuts, Amazon Is Quietly Clearing Out All Its Stock","The Roborock Saros 10R ranks among the world’s top three robot vacuums with mops for performance.
The post Roborock Saros 10R $1,600 Robot Vacuum Is Now Selling for Peanuts, Amazon Is Quietly Clearing Out All Its Stock appeared first on Kotaku.",https://kotaku.com/roborock-saros-10r-1600-robot-vacuum-is-now-selling-for-peanuts-amazon-is-quietly-clearing-out-all-its-stock-2000633116,2025-10-08T10:13:50Z,"Robot vacuums have evolved far beyond the basic “bump-and-spin” models that once dominated store shelves at budget prices. Roborock has firmly planted itself in the luxury segment of this market, whe… [+3467 chars]"
Yahoo Entertainment,Zacks Equity Research,Why Duke Energy Stock Deserves a Spot in Your Portfolio Right Now,DUK's $190-$200 billion investment plan and expanding renewable portfolio make it a standout utility stock pick.,https://finance.yahoo.com/news/why-duke-energy-stock-deserves-122400496.html,2025-10-08T12:24:00Z,Duke Energy DUK continues to invest consistently in infrastructure and expansion projects to enhance service reliability for its customers. The company is also progressively increasing its renewable … [+3882 chars]
Business Insider,katherineli@insider.com (Katherine Li),Peloton jacks membership prices and leans into AI in post-pandemic comeback push,Peloton is attempting a post-pandemic comeback with higher membership prices and AI-powered hardware among its new Cross Training Series.,https://www.businessinsider.com/peloton-cross-training-series-membership-price-increase-2025-10,2025-10-01T22:39:44Z,"Peloton is aiming for a grand comeback ahead of the holidays.
The company has been struggling after its meteoric rise during the pandemic.
Its latest release? A $6,695 treadmill equipped with AI, a… [+2453 chars]"
Business Insider,Dan DeFrancesco,Jimmy Kimmel's return doesn't mean the end of Disney's problems,"Now that Jimmy Kimmel's show has become a lightning rod, any decision about it going forward will be viewed with a magnifying glass.",https://www.businessinsider.com/jimmy-kimmel-live-returns-disney-problems-2025-9,2025-09-23T13:46:23Z,"Host Jimmy Kimmel speaks onstage during the 95th Annual Academy Awards at Dolby Theatre on March 12, 2023 in Hollywood, California.Kevin Winter/Getty Images
<ul><li>This post originally appeared in … [+8291 chars]"
Yahoo Entertainment,Radek Strnad,1 Unpopular Stock That Deserves Some Love and 2 We Brush Off,Wall Street’s bearish price targets for the stocks in this article signal serious concerns. Such forecasts are uncommon in an industry where maintaining...,https://finance.yahoo.com/news/1-unpopular-stock-deserves-love-043920383.html,2025-10-20T04:39:20Z,Wall Streets bearish price targets for the stocks in this article signal serious concerns. Such forecasts are uncommon in an industry where maintaining cordial corporate relationships often trumps de… [+2801 chars]
Business Insider,Thibault Spirlet,An economist and ex-central banker shares 5 investing rules to help Gen Z and millennials build wealth — and beat the market,"Economist David McWilliams said Gen Z and millennials can outsmart a 'rigged' system by mastering money, interest rates, and smart investing.",https://www.businessinsider.com/ex-central-banker-shares-5-investing-rules-help-genz-build-wealth-2025-10,2025-10-10T10:25:44Z,"Ex—central banker David McWilliams says Gen Z can beat a rigged system by mastering money.Sheldon Cooper/SOPA Images/LightRocket via Getty Images
<ul><li>David McWilliams says Gen Z and millennials … [+4843 chars]"
Yahoo Entertainment,Nick Lichtenberg,"Top analyst still thinks we’re on the cusp of a new boom for the economy, but investors aren’t with him: ‘Markets remain choppy’",Morgan Stanley’s Mike Wilson says he needs to see more before giving the “all-clear” on chances of a further near-term correction.,https://finance.yahoo.com/news/top-analyst-still-thinks-cusp-171302613.html,2025-10-20T17:13:02Z,"Morgan Stanley chief equity analyst Mike Wilson has been saying for years the U.S. was in a rolling recession when economists were seeing nothing but GDP growth. Since April, hes been declaring a rol… [+5348 chars]"
Yahoo Entertainment,Jamie Stone,Top 5 Investments Boomers Should Make in Retirement — Even if It’s Begrudgingly,Even reluctant investors can benefit from these 5 smart retirement moves. Learn where boomers should put their money to stay secure and grow wealth.,https://finance.yahoo.com/news/top-5-investments-boomers-retirement-125507372.html,2025-10-03T12:55:07Z,"While baby boomers may prefer the comfort of traditional savings accounts and certificates of deposit (CDs), financial experts are urging retirees to embrace investments they might otherwise avoid.
… [+2256 chars]"
The Hill,"Jonathan Russo, opinion contributor","Opinion - Crypto world, buckle up for the rug-pull of all time","The crypto market is ripe for a rug pull, with insiders profiting from the inflated valuations of meme coins, crypto treasury stocks, and other scams...",https://thehill.com/opinion/finance/5548075-crypto-rug-pull-warning/,2025-10-10T16:00:00Z,"I have, like so many others, been wrong about Bitcoin and crypto. But timing is not destination, and I believe one day there will be a rug-pull that will wipe trillions off the face of the crypto ear… [+4766 chars]"
Yahoo Entertainment,Simply Wall St,Boeing (BA): Evaluating Valuation After Major Jet Orders and FAA Certification Boost,"If you’re watching Boeing’s stock this week and wondering whether it’s finally time to make a move, you’re not alone. The company just landed a trio of...",https://finance.yahoo.com/news/boeing-ba-evaluating-valuation-major-111522177.html,2025-09-28T11:15:22Z,"If youre watching Boeings stock this week and wondering whether its finally time to make a move, youre not alone. The company just landed a trio of headline-grabbing aircraft orders: Turkish Airlines… [+4595 chars]"
Barchart.com,Sushree Mohanty,This Under-the-Radar Data Center Stock Is Soaring Thanks to the AI Boom,"With demand accelerating, Arista’s AI future looks dynamic.",https://www.barchart.com/story/news/34960304/this-under-the-radar-data-center-stock-is-soaring-thanks-to-the-ai-boom,2025-09-22T17:43:43Z,"As the artificial intelligence (AI) wave grows into a tsunami, Arista Networks (ANET), an often-overlooked business in the data center ecosystem, is emerging as one of the big winners. Arista stock h… [+5157 chars]"
Yahoo Entertainment,Tirthankar Chakraborty,BBAI or SOUN: Which AI Stock Deserves a Spot in Your Portfolio?,"BigBear.ai's shrinking revenues and deepening losses highlight weak fundamentals, while SoundHound's surging sales and cash strength draw investor optimism.",https://finance.yahoo.com/news/bbai-soun-ai-stock-deserves-190000034.html,2025-10-14T19:00:00Z,"BigBear.ai Holdings, Inc. BBAI, which provides artificial intelligence (AI)-driven data analytics solutions to both the U.S. government and private-sector companies, saw its shares soar more than 400… [+4259 chars]"
Yahoo Entertainment,Alex Kimani,Trump’s Takeover Of Canadian Rare Earths Miners Raises Major Concerns,"Washington doubles down on critical minerals, with the Trump administration buying stakes in companies like Trilogy Metals, MP Materials, and Lithium...",https://finance.yahoo.com/news/trump-takeover-canadian-rare-earths-000000815.html,2025-10-14T00:00:00Z,"The U.S. stock market plunged by the widest margin in six months on Friday, with the S&amp;P 500 shedding nearly 3% after President Donald Trump threatened “a massive increase of tariffs on Chinese p… [+5690 chars]"
Yahoo Entertainment,,The S&P 500 Is Poised to Do Something That's Only Happened 11 Times in 100 Years -- and It Could Signal a Big Move for the Stock Market in 2026,,https://consent.yahoo.com/v2/collectConsent?sessionId=1_cc-session_8f164d4e-c6e3-4732-a421-e2071d8c94d7,2025-10-14T08:44:00Z,"If you click 'Accept all', we and our partners, including 237 who are part of the IAB Transparency &amp; Consent Framework, will also store and/or access information on a device (in other words, use … [+714 chars]"
Yahoo Entertainment,Chris Kirkham,Analysis-Musk's record Tesla package will pay him tens of billions even if he misses most goals,"LOS ANGELES (Reuters) -When Tesla directors offered Elon Musk the biggest executive pay package in corporate history in September, it reassured investors...",https://finance.yahoo.com/news/analysis-musks-record-tesla-package-100309588.html,2025-10-09T10:03:09Z,"By Chris Kirkham, Rachael Levy and Abhirup Roy
LOS ANGELES (Reuters) -When Tesla (TSLA) directors offered Elon Musk the biggest executive pay package in corporate history in September, it reassured … [+8412 chars]"
Yahoo Entertainment,Zacks Equity Research,"SoundHound AI, Inc. (SOUN) Exceeds Market Returns: Some Facts to Consider","SoundHound AI, Inc. (SOUN) closed the most recent trading day at $18.25, moving +2.24% from the previous trading session.",https://finance.yahoo.com/news/soundhound-ai-inc-soun-exceeds-214505837.html,2025-10-06T21:45:05Z,"In the latest trading session, SoundHound AI, Inc. (SOUN) closed at $18.25, marking a +2.24% move from the previous day. The stock exceeded the S&amp;P 500, which registered a gain of 0.37% for the d… [+2435 chars]"
Yahoo Entertainment,Zacks Equity Research,AMD Gains Traction in AI Infrastructure Market: A Sign of More Upside?,"Advanced Micro Devices' growth is driven by AI footprint with record sales, new Instinct MI350 GPUs and major partnerships.",https://finance.yahoo.com/news/amd-gains-traction-ai-infrastructure-164000247.html,2025-09-25T16:40:00Z,"Advanced Micro Devices AMD is benefiting from strong traction in the AI infrastructure market, driven by its advanced product portfolio and strategic investments in AI hardware and software. 
The co… [+3800 chars]"
Business Insider,Katie Notopoulos,"Nvidia plans to invest $100 billion into OpenAI. That's uh, a lot of money.",$100 billion is worth something like 333 AI researchers with Meta salaries.,https://www.businessinsider.com/nvidia-100-billion-openai-data-centers-scale-2025-9,2025-09-22T20:26:46Z,"Sam AltmanAndrew Harnik/Getty Images
<ul><li>Nvidia is investing huge amounts into OpenAI to help build more data centers.</li><li>They plan to build ""at least 10 gigawatts"" worth of data centers us… [+1621 chars]"
Business Insider,Alistair Barr,OpenAI's SaaS attack has begun. Here are the companies in the firing line.,"OpenAI showed off new AI tools for sales, support, and contracts, posing a direct threat to software-as-a-service leaders like Salesforce and HubSpot.",https://www.businessinsider.com/openai-saas-attack-hubspot-salesforce-docusign-zoominfo-2025-9,2025-09-30T23:47:08Z,"Sam Altman, CEO of OpenAI, meeting officials in Berlin.Florian Gaertner/Reuters
<ul><li>OpenAI showed off new workplace applications, entering the SaaS market as a competitor.</li><li>The move chall… [+3983 chars]"
CBS News,S.E.  Jenkins,"SEC approves Texas Stock Exchange, first new US integrated exchange in decades","The SEC approved TXSE ​as a national securities exchange, paving the way for the first new, fully integrated U.S. stock exchange in decades — and the only one based in Texas.",https://www.cbsnews.com/texas/news/sec-approves-texas-stock-exchange-txse/,2025-10-04T16:04:24Z,"The Securities and Exchange Commission approved Tuesday the Texas Stock Exchange (TXSE) as a national securities exchange, paving the way for the first new, fully integrated U.S. stock exchange in de… [+2453 chars]"
Yahoo Entertainment,Simply Wall St,Top Dividend Stocks To Enhance Your Portfolio,"As the U.S. markets experience a strong start to the week, with major indices climbing over 1%, investors are keenly watching for corporate earnings and...",https://finance.yahoo.com/news/top-dividend-stocks-enhance-portfolio-113156039.html,2025-10-21T11:31:56Z,"As the U.S. markets experience a strong start to the week, with major indices climbing over 1%, investors are keenly watching for corporate earnings and economic data that could influence Federal Res… [+5439 chars]"
Quartz India,Catherine Baab,"Retail investors buy stocks in droves, fueling Wall Street bubble fears","Is this the bull market's final act? As mom-and-pop investors pile in, Wall Street observers hear echoes of past bubbles",https://qz.com/retail-investors-stock-market-wall-street,2025-10-10T12:20:45Z,"Retail investors are buying stocks in force and pushing up stock prices a dynamic thats spooking some veteran Wall Street analysts and observers.
According to data released this week , Citigroups in… [+3013 chars]"
Kotaku,Ethan Gach,The Steam Deck Just Went On Sale And Is Killing The Competition On Price,"Valve is shaving $80 off the PC gaming handheld for the fall Steam sale
The post The Steam Deck Just Went On Sale And Is Killing The Competition On Price appeared first on Kotaku.",https://kotaku.com/autumn-2025-steam-deck-sale-cheap-pc-gaming-handheld-2000627631,2025-09-22T18:51:52Z,"Despite a trade war and rising inflation, the three-year-old Steam Deck hasn’t gone up in price yet. In fact, it just got a pretty major discount. The $400 LCD model will be 20 percent off for the 20… [+1919 chars]"
Yahoo Entertainment,Arghyadeep Bose,Microvast Skyrockets 119% YTD: Is It a Must-Have Stock Now?,MVST's sharp rally and bold battery breakthroughs are turning heads. Can the momentum last?,https://finance.yahoo.com/news/microvast-skyrockets-119-ytd-must-160600141.html,2025-10-10T16:06:00Z,"Microvast Holdings MVST shares have experienced outstanding growth over the year-to-date period. It has skyrocketed 119.4% during the period, outperforming the 44.3% rise of its industry and the 15.7… [+4703 chars]"
Yahoo Entertainment,Simply Wall St,3 Reliable Dividend Stocks Offering Up To 7.1% Yield,"Amidst recent fluctuations in major stock indexes, with the S&P 500 and Nasdaq reaching new highs before pulling back, investors are increasingly seeking...",https://finance.yahoo.com/news/3-reliable-dividend-stocks-offering-173152475.html,2025-10-07T17:31:52Z,"Amidst recent fluctuations in major stock indexes, with the S&amp;P 500 and Nasdaq reaching new highs before pulling back, investors are increasingly seeking stability through dividend stocks. In suc… [+5334 chars]"
TheStreet,Moz Farooque,IonQ CEO just threw a curveball at Nvidia,"In 2025, the quantum computing space essentially broke out of obscurity, with AI’s unrelenting demand spilling into virtually every compute bottleneck. For...",https://www.thestreet.com/technology/ionq-ceo-just-threw-a-curveball-at-nvidia,2025-10-15T02:33:00Z,"In 2025, the quantum computing space essentially broke out of obscurity, with AIs unrelenting demand spilling into virtually every compute bottleneck.
For perspective, the quantum cohort, as I like … [+4644 chars]"
Business Insider,Alex Nicoll,'Cockroach' jabs and regional bank breakdowns: The week private credit's 'golden' narrative got a little less shiny,"After years of hype, private credit had a rough week — as bank troubles and new warnings sparked a wave of scrutiny.",https://www.businessinsider.com/private-credit-bad-week-concerns-dimon-cockroach-comment-2025-10,2025-10-18T10:02:01Z,"Noam Galai/Getty Images/Carlo Allegri/Reuters/Jeff Swensen/Getty Images
<ul><li>Jamie Dimon's concern over ""cockroaches"" in credit has spawned a debate about private credit.</li><li>While some indus… [+7676 chars]"
Business Insider,Katherine Li,"Meet Lisa Su: CEO and president of Advanced Micro Devices, the main competitor to Nvidia","Lisa Su is the CEO behind AMD's meteoric rise, with the ambition to lead the AI chips industry and become a formidable rival to Nvidia.",https://www.businessinsider.com/meet-lisa-su-ceo-and-president-of-advanced-micro-device,2025-10-05T10:16:01Z,"Lisa Su is widely credited for accomplishing one of the most dramatic turnarounds in the tech industry, bringing AMD from a struggling company to an industry leader with a market cap of more than $27… [+10605 chars]"
Business Insider,jmann@insider.com (Jyoti Mann),Klarna chairman sent a stark post-IPO message to CEO: 'We're 10 years behind Revolut',Klarna CEO Sebastian Siemiatkowski kicked off its internal conference for employees last week with a rap performance.,https://www.businessinsider.com/klarna-ceo-chairman-ipo-message-behind-revolut-2025-9,2025-09-24T13:24:37Z,"At Klarna's big employee conference last week in Stockholm, CEO Sebastian Siemiatkowski swapped spreadsheets for a rap performance and then confronted a sobering reality. Even as Klarna basks in its … [+2318 chars]"
